session_id,duration,n_events,avg_gap,burstiness
0,10468,5,2093.6,0.05935500428453144
1,5259,3,1753.0,0.43117651900394427
2,11951,5,2390.2,0.7886782962683409
3,10169,5,2033.8,0.2360813452898174
4,12250,6,2041.6666666666667,0.5650700827949252
