session_id,duration,n_events,avg_gap,burstiness,iforest_score,lstm_score,hybrid_score
0,10468,5,2093.6,0.0593550042845314,0.1590513889428432,0.31916192736414667,0.2551177119956253
1,5259,3,1753.0,0.4311765190039442,1.0,1.0,1.0
2,11951,5,2390.2,0.7886782962683409,0.5466988860763804,0.0,0.21867955443055218
3,10169,5,2033.8,0.2360813452898174,0.0,0.7720880851185049,0.4632528510711029
4,12250,6,2041.6666666666667,0.5650700827949252,0.34573095319663893,0.18480053948785985,0.2491727049713715
