session_id,duration,n_events,avg_gap,burstiness,iforest_score,lstm_score,hybrid_score
0,10468,5,2093.6,0.0593550042845314,0.1590513889428432,0.0,0.06362055557713729
1,5259,3,1753.0,0.4311765190039442,1.0,0.1927334139079259,0.5156400483447555
2,11951,5,2390.2,0.7886782962683409,0.5466988860763804,0.9087075566234871,0.7639040884046444
3,10169,5,2033.8,0.2360813452898174,0.0,0.9529586909558144,0.5717752145734887
4,12250,6,2041.6666666666667,0.5650700827949252,0.34573095319663893,1.0,0.7382923812786556
